{
  "name": "inventario 3d52e899",
  "description": "",
  "tags": [
    "neo4j-desktop-id-project-3d52e899-1038-49e2-83e7-bcb995610b75",
    "neo4j-desktop-id-project-778b056b-a0be-481b-89e8-115c087b6526",
    "neo4j-desktop-id-project-84afe894-f6e3-4c08-8207-15140a09a47b",
    "neo4j-desktop-id-project-a569aee9-9e05-4374-a956-47d6c0b66a9e",
    "neo4j-desktop-id-project-895dd12d-9354-4d62-bb09-5a9632afbbfd",
    "neo4j-desktop-id-project-5f31aef9-da57-4bff-8c24-1b50db3fed7d"
  ],
  "id": "a4b237b2-4e6f-4007-b7c1-35a829fb05f5",
  "metadata": {},
  "dbmss": []
}
